Werkzeug,Transformation,LPIPS_mean,LPIPS_std
glaze,ohne (Referenz),0.019975229228536288,0.011317245394087171
glaze,JPEG q=75,0.03449593527863423,0.012823678818525037
glaze,JPEG q=50,0.04088979524870714,0.014242068108077117
glaze,JPEG q=25,0.04396704062819481,0.013353944199821033
glaze,Skalierung 0.5x,0.013645132320622604,0.008047122572773891
glaze,Rauschen s=0.02,0.01498570724700888,0.006588284329788589
nightshade,ohne (Referenz),0.0752212626238664,0.02861722232650545
nightshade,JPEG q=75,0.10079595198233922,0.02692250472426676
nightshade,JPEG q=50,0.09271979083617528,0.025730658181260246
nightshade,JPEG q=25,0.08947873115539551,0.025926901578000885
nightshade,Skalierung 0.5x,0.03864932768046856,0.017498933042065616
nightshade,Rauschen s=0.02,0.05920180194079876,0.018956871919187525
mist,ohne (Referenz),0.1735279694199562,0.07813316337002142
mist,JPEG q=75,0.174652628103892,0.06414206545728081
mist,JPEG q=50,0.14687150741616886,0.051366091808478356
mist,JPEG q=25,0.13007459913690886,0.04200631777233356
mist,Skalierung 0.5x,0.12902823003629843,0.07297767587086156
mist,Rauschen s=0.02,0.1469930152098338,0.06086988326228745
