Werkzeug,Bild,PSNR,SSIM,LPIPS
glaze,Garden with Courting CouplesSquare Saint-Pierre,40.766197636473215,0.9868266127751726,0.0166681669652462
glaze,Irises,40.684822736733125,0.9808932492409218,0.00707810977473855
glaze,Pollard Willow,40.87130244136222,0.970471573335733,0.04477597400546074
glaze,Portrait of Camille Roulin,40.67430268414224,0.9794625059919314,0.01055323425680399
glaze,Self-Portrait as a Painter,40.72107329656809,0.9818579685210646,0.01890674978494644
glaze,Skull,40.75042865914152,0.9749190902627829,0.027397427707910538
glaze,Sunflowers,40.76890858869966,0.9734932220461024,0.013968161307275295
glaze,The Bedroom,40.85588009291274,0.970965692395526,0.012819414958357811
glaze,The Langlois Bridge,40.95478314885539,0.9637849514823138,0.03744816407561302
glaze,The Sower,40.688483367156294,0.9798262896802757,0.013912301510572433
glaze,The Yellow House (The Street),40.84868448735971,0.969078583851725,0.023075804114341736
glaze,Tree Roots,40.605353623635274,0.9864915477397805,0.006930643226951361
glaze,Vase with Gladioli and Chinese Asters,40.69362240595045,0.9808109183708243,0.010785497725009918
glaze,Wheatfield under Thunderclouds,40.866427889307566,0.974238714869378,0.036936864256858826
glaze,Wheatfield with Crows,40.72692269352987,0.9793343304827354,0.01837192475795746
nightshade,Garden with Courting CouplesSquare Saint-Pierre,36.46945566356236,0.9703038001579533,0.0560639426112175
nightshade,Irises,36.402591576220175,0.9473789525655811,0.0406893789768219
nightshade,Pollard Willow,36.256263005069755,0.9291555013087076,0.10924489051103592
nightshade,Portrait of Camille Roulin,36.282203184654506,0.9498108507660595,0.04816026613116264
nightshade,Self-Portrait as a Painter,36.45427772955136,0.9589670039416743,0.06960931420326233
nightshade,Skull,36.052713596879485,0.9362449252830016,0.10756232589483261
nightshade,Sunflowers,36.12141930155123,0.9341985900126853,0.07018400728702545
nightshade,The Bedroom,36.57742724630461,0.9312257633359685,0.055196333676576614
nightshade,The Langlois Bridge,35.86409644388767,0.9035152590040942,0.10115955024957657
nightshade,The Sower,36.11821275302346,0.9484047839680255,0.0632685199379921
nightshade,The Yellow House (The Street),36.01809231880586,0.9207125495555651,0.08898872137069702
nightshade,Tree Roots,36.63840068009701,0.9663899351691373,0.036075036972761154
nightshade,Vase with Gladioli and Chinese Asters,36.44595191513223,0.9508771590498091,0.054760560393333435
nightshade,Wheatfield under Thunderclouds,35.68542858784998,0.9202302444520808,0.14029468595981598
nightshade,Wheatfield with Crows,36.193722451294086,0.947322339612407,0.08706140518188477
mist,Garden with Courting CouplesSquare Saint-Pierre,31.815165569037767,0.909542989236012,0.1553884744644165
mist,Irises,31.50286623456155,0.8832502262834451,0.06693698465824127
mist,Pollard Willow,32.05704593871242,0.8319496932966765,0.3374996483325958
mist,Portrait of Camille Roulin,31.732804298225815,0.8713831837450372,0.08986777067184448
mist,Self-Portrait as a Painter,31.791443121696496,0.8833094084210354,0.2146569937467575
mist,Skull,31.938783785209775,0.8540963830833372,0.22634416818618774
mist,Sunflowers,31.851900659090454,0.8390957925332215,0.12503264844417572
mist,The Bedroom,31.847539092180547,0.8319447457378134,0.1146353930234909
mist,The Langlois Bridge,32.07036561018699,0.8024449721826169,0.23186123371124268
mist,The Sower,31.581355614404213,0.8699708250902002,0.1534927487373352
mist,The Yellow House (The Street),31.953210387971097,0.8212107177643898,0.20370514690876007
mist,Tree Roots,31.407326830424182,0.9109868143124754,0.06856243312358856
mist,Vase with Gladioli and Chinese Asters,31.589764995542566,0.8776074284660672,0.11313755065202713
mist,Wheatfield under Thunderclouds,31.832430455558253,0.8370625162725953,0.2974929213523865
mist,Wheatfield with Crows,31.814337267979585,0.8658792092658553,0.20430542528629303
